<?xml version="1.1" encoding="UTF-8"?>
<map>
  <entry>
    <string>22</string>
    <Tag plugin="workflow-support@865.v43e78cc44e0d">
      <node class="cps.n.StepEndNode" plugin="workflow-cps@3880.vb_ef4b_5cfd270">
        <parentIds>
          <string>21</string>
        </parentIds>
        <id>22</id>
        <startId>18</startId>
      </node>
      <actions>
        <wf.a.BodyInvocationAction plugin="workflow-api@1291.v51fd2a_625da_7"/>
        <wf.a.TimingAction plugin="workflow-api@1291.v51fd2a_625da_7">
          <startTime>1709321039205</startTime>
        </wf.a.TimingAction>
      </actions>
    </Tag>
  </entry>
  <entry>
    <string>23</string>
    <Tag plugin="workflow-support@865.v43e78cc44e0d">
      <node class="cps.n.StepEndNode" plugin="workflow-cps@3880.vb_ef4b_5cfd270">
        <parentIds>
          <string>22</string>
        </parentIds>
        <id>23</id>
        <startId>17</startId>
      </node>
      <actions>
        <wf.a.TimingAction plugin="workflow-api@1291.v51fd2a_625da_7">
          <startTime>1709321039424</startTime>
        </wf.a.TimingAction>
      </actions>
    </Tag>
  </entry>
  <entry>
    <string>24</string>
    <Tag plugin="workflow-support@865.v43e78cc44e0d">
      <node class="cps.n.StepEndNode" plugin="workflow-cps@3880.vb_ef4b_5cfd270">
        <parentIds>
          <string>23</string>
        </parentIds>
        <id>24</id>
        <startId>14</startId>
      </node>
      <actions>
        <wf.a.BodyInvocationAction plugin="workflow-api@1291.v51fd2a_625da_7"/>
        <wf.a.TimingAction plugin="workflow-api@1291.v51fd2a_625da_7">
          <startTime>1709321039517</startTime>
        </wf.a.TimingAction>
      </actions>
    </Tag>
  </entry>
  <entry>
    <string>25</string>
    <Tag plugin="workflow-support@865.v43e78cc44e0d">
      <node class="cps.n.StepEndNode" plugin="workflow-cps@3880.vb_ef4b_5cfd270">
        <parentIds>
          <string>24</string>
        </parentIds>
        <id>25</id>
        <startId>13</startId>
      </node>
      <actions>
        <wf.a.TimingAction plugin="workflow-api@1291.v51fd2a_625da_7">
          <startTime>1709321039766</startTime>
        </wf.a.TimingAction>
      </actions>
    </Tag>
  </entry>
  <entry>
    <string>26</string>
    <Tag plugin="workflow-support@865.v43e78cc44e0d">
      <node class="cps.n.StepEndNode" plugin="workflow-cps@3880.vb_ef4b_5cfd270">
        <parentIds>
          <string>25</string>
        </parentIds>
        <id>26</id>
        <startId>12</startId>
      </node>
      <actions>
        <wf.a.BodyInvocationAction plugin="workflow-api@1291.v51fd2a_625da_7"/>
        <wf.a.TimingAction plugin="workflow-api@1291.v51fd2a_625da_7">
          <startTime>1709321039901</startTime>
        </wf.a.TimingAction>
      </actions>
    </Tag>
  </entry>
  <entry>
    <string>27</string>
    <Tag plugin="workflow-support@865.v43e78cc44e0d">
      <node class="cps.n.StepEndNode" plugin="workflow-cps@3880.vb_ef4b_5cfd270">
        <parentIds>
          <string>26</string>
        </parentIds>
        <id>27</id>
        <startId>11</startId>
      </node>
      <actions>
        <wf.a.TimingAction plugin="workflow-api@1291.v51fd2a_625da_7">
          <startTime>1709321040133</startTime>
        </wf.a.TimingAction>
      </actions>
    </Tag>
  </entry>
  <entry>
    <string>28</string>
    <Tag plugin="workflow-support@865.v43e78cc44e0d">
      <node class="cps.n.StepEndNode" plugin="workflow-cps@3880.vb_ef4b_5cfd270">
        <parentIds>
          <string>27</string>
        </parentIds>
        <id>28</id>
        <startId>4</startId>
      </node>
      <actions>
        <wf.a.BodyInvocationAction plugin="workflow-api@1291.v51fd2a_625da_7"/>
        <wf.a.TimingAction plugin="workflow-api@1291.v51fd2a_625da_7">
          <startTime>1709321040258</startTime>
        </wf.a.TimingAction>
      </actions>
    </Tag>
  </entry>
  <entry>
    <string>29</string>
    <Tag plugin="workflow-support@865.v43e78cc44e0d">
      <node class="cps.n.StepEndNode" plugin="workflow-cps@3880.vb_ef4b_5cfd270">
        <parentIds>
          <string>28</string>
        </parentIds>
        <id>29</id>
        <startId>3</startId>
      </node>
      <actions>
        <wf.a.TimingAction plugin="workflow-api@1291.v51fd2a_625da_7">
          <startTime>1709321040591</startTime>
        </wf.a.TimingAction>
      </actions>
    </Tag>
  </entry>
  <entry>
    <string>30</string>
    <Tag plugin="workflow-support@865.v43e78cc44e0d">
      <node class="org.jenkinsci.plugins.workflow.graph.FlowEndNode" plugin="workflow-api@1291.v51fd2a_625da_7">
        <parentIds>
          <string>29</string>
        </parentIds>
        <id>30</id>
        <startId>2</startId>
        <result>
          <name>SUCCESS</name>
          <ordinal>0</ordinal>
          <color>BLUE</color>
          <completeBuild>true</completeBuild>
        </result>
      </node>
      <actions>
        <wf.a.TimingAction plugin="workflow-api@1291.v51fd2a_625da_7">
          <startTime>1709321040748</startTime>
        </wf.a.TimingAction>
      </actions>
    </Tag>
  </entry>
  <entry>
    <string>10</string>
    <Tag plugin="workflow-support@865.v43e78cc44e0d">
      <node class="cps.n.StepEndNode" plugin="workflow-cps@3880.vb_ef4b_5cfd270">
        <parentIds>
          <string>9</string>
        </parentIds>
        <id>10</id>
        <startId>5</startId>
      </node>
      <actions>
        <wf.a.TimingAction plugin="workflow-api@1291.v51fd2a_625da_7">
          <startTime>1709321030106</startTime>
        </wf.a.TimingAction>
      </actions>
    </Tag>
  </entry>
  <entry>
    <string>11</string>
    <Tag plugin="workflow-support@865.v43e78cc44e0d">
      <node class="cps.n.StepStartNode" plugin="workflow-cps@3880.vb_ef4b_5cfd270">
        <parentIds>
          <string>10</string>
        </parentIds>
        <id>11</id>
        <descriptorId>org.jenkinsci.plugins.workflow.steps.EnvStep</descriptorId>
      </node>
      <actions>
        <s.a.LogStorageAction/>
        <cps.a.ArgumentsActionImpl plugin="workflow-cps@3880.vb_ef4b_5cfd270">
          <arguments>
            <entry>
              <string>overrides</string>
              <list>
                <string>ANT_HOME=C:\apache-ant-1.10.14</string>
                <string>PATH+ANT=C:\apache-ant-1.10.14/bin</string>
              </list>
            </entry>
          </arguments>
          <sensitiveVariables/>
          <isUnmodifiedBySanitization>true</isUnmodifiedBySanitization>
        </cps.a.ArgumentsActionImpl>
        <wf.a.TimingAction plugin="workflow-api@1291.v51fd2a_625da_7">
          <startTime>1709321030293</startTime>
        </wf.a.TimingAction>
      </actions>
    </Tag>
  </entry>
  <entry>
    <string>12</string>
    <Tag plugin="workflow-support@865.v43e78cc44e0d">
      <node class="cps.n.StepStartNode" plugin="workflow-cps@3880.vb_ef4b_5cfd270">
        <parentIds>
          <string>11</string>
        </parentIds>
        <id>12</id>
        <descriptorId>org.jenkinsci.plugins.workflow.steps.EnvStep</descriptorId>
      </node>
      <actions>
        <wf.a.BodyInvocationAction plugin="workflow-api@1291.v51fd2a_625da_7"/>
        <wf.a.TimingAction plugin="workflow-api@1291.v51fd2a_625da_7">
          <startTime>1709321030340</startTime>
        </wf.a.TimingAction>
      </actions>
    </Tag>
  </entry>
  <entry>
    <string>13</string>
    <Tag plugin="workflow-support@865.v43e78cc44e0d">
      <node class="cps.n.StepStartNode" plugin="workflow-cps@3880.vb_ef4b_5cfd270">
        <parentIds>
          <string>12</string>
        </parentIds>
        <id>13</id>
        <descriptorId>org.jenkinsci.plugins.workflow.support.steps.StageStep</descriptorId>
      </node>
      <actions>
        <s.a.LogStorageAction/>
        <cps.a.ArgumentsActionImpl plugin="workflow-cps@3880.vb_ef4b_5cfd270">
          <arguments>
            <entry>
              <string>name</string>
              <string>Compile</string>
            </entry>
          </arguments>
          <sensitiveVariables/>
          <isUnmodifiedBySanitization>true</isUnmodifiedBySanitization>
        </cps.a.ArgumentsActionImpl>
        <wf.a.TimingAction plugin="workflow-api@1291.v51fd2a_625da_7">
          <startTime>1709321030621</startTime>
        </wf.a.TimingAction>
      </actions>
    </Tag>
  </entry>
  <entry>
    <string>14</string>
    <Tag plugin="workflow-support@865.v43e78cc44e0d">
      <node class="cps.n.StepStartNode" plugin="workflow-cps@3880.vb_ef4b_5cfd270">
        <parentIds>
          <string>13</string>
        </parentIds>
        <id>14</id>
        <descriptorId>org.jenkinsci.plugins.workflow.support.steps.StageStep</descriptorId>
      </node>
      <actions>
        <wf.a.BodyInvocationAction plugin="workflow-api@1291.v51fd2a_625da_7"/>
        <wf.a.LabelAction plugin="workflow-api@1291.v51fd2a_625da_7">
          <displayName>Compile</displayName>
        </wf.a.LabelAction>
        <wf.a.TimingAction plugin="workflow-api@1291.v51fd2a_625da_7">
          <startTime>1709321030715</startTime>
        </wf.a.TimingAction>
      </actions>
    </Tag>
  </entry>
  <entry>
    <string>15</string>
    <Tag plugin="workflow-support@865.v43e78cc44e0d">
      <node class="cps.n.StepAtomNode" plugin="workflow-cps@3880.vb_ef4b_5cfd270">
        <parentIds>
          <string>14</string>
        </parentIds>
        <id>15</id>
        <descriptorId>org.jenkinsci.plugins.workflow.steps.ToolStep</descriptorId>
      </node>
      <actions>
        <cps.a.ArgumentsActionImpl plugin="workflow-cps@3880.vb_ef4b_5cfd270">
          <arguments>
            <entry>
              <string>name</string>
              <string>Ant 1.10.14</string>
            </entry>
            <entry>
              <string>type</string>
              <string>hudson.tasks.Ant$AntInstallation</string>
            </entry>
          </arguments>
          <sensitiveVariables/>
          <isUnmodifiedBySanitization>true</isUnmodifiedBySanitization>
        </cps.a.ArgumentsActionImpl>
        <wf.a.TimingAction plugin="workflow-api@1291.v51fd2a_625da_7">
          <startTime>1709321030869</startTime>
        </wf.a.TimingAction>
        <s.a.LogStorageAction/>
      </actions>
    </Tag>
  </entry>
  <entry>
    <string>16</string>
    <Tag plugin="workflow-support@865.v43e78cc44e0d">
      <node class="cps.n.StepAtomNode" plugin="workflow-cps@3880.vb_ef4b_5cfd270">
        <parentIds>
          <string>15</string>
        </parentIds>
        <id>16</id>
        <descriptorId>org.jenkinsci.plugins.pipeline.modeldefinition.steps.EnvVarsForToolStep</descriptorId>
      </node>
      <actions>
        <cps.a.ArgumentsActionImpl plugin="workflow-cps@3880.vb_ef4b_5cfd270">
          <arguments>
            <entry>
              <string>toolId</string>
              <string>hudson.tasks.Ant$AntInstallation</string>
            </entry>
            <entry>
              <string>toolVersion</string>
              <string>Ant 1.10.14</string>
            </entry>
          </arguments>
          <sensitiveVariables/>
          <isUnmodifiedBySanitization>true</isUnmodifiedBySanitization>
        </cps.a.ArgumentsActionImpl>
        <wf.a.TimingAction plugin="workflow-api@1291.v51fd2a_625da_7">
          <startTime>1709321031053</startTime>
        </wf.a.TimingAction>
        <s.a.LogStorageAction/>
      </actions>
    </Tag>
  </entry>
  <entry>
    <string>17</string>
    <Tag plugin="workflow-support@865.v43e78cc44e0d">
      <node class="cps.n.StepStartNode" plugin="workflow-cps@3880.vb_ef4b_5cfd270">
        <parentIds>
          <string>16</string>
        </parentIds>
        <id>17</id>
        <descriptorId>org.jenkinsci.plugins.workflow.steps.EnvStep</descriptorId>
      </node>
      <actions>
        <s.a.LogStorageAction/>
        <cps.a.ArgumentsActionImpl plugin="workflow-cps@3880.vb_ef4b_5cfd270">
          <arguments>
            <entry>
              <string>overrides</string>
              <list>
                <string>ANT_HOME=C:\apache-ant-1.10.14</string>
                <string>PATH+ANT=C:\apache-ant-1.10.14/bin</string>
              </list>
            </entry>
          </arguments>
          <sensitiveVariables/>
          <isUnmodifiedBySanitization>true</isUnmodifiedBySanitization>
        </cps.a.ArgumentsActionImpl>
        <wf.a.TimingAction plugin="workflow-api@1291.v51fd2a_625da_7">
          <startTime>1709321031269</startTime>
        </wf.a.TimingAction>
      </actions>
    </Tag>
  </entry>
  <entry>
    <string>18</string>
    <Tag plugin="workflow-support@865.v43e78cc44e0d">
      <node class="cps.n.StepStartNode" plugin="workflow-cps@3880.vb_ef4b_5cfd270">
        <parentIds>
          <string>17</string>
        </parentIds>
        <id>18</id>
        <descriptorId>org.jenkinsci.plugins.workflow.steps.EnvStep</descriptorId>
      </node>
      <actions>
        <wf.a.BodyInvocationAction plugin="workflow-api@1291.v51fd2a_625da_7"/>
        <wf.a.TimingAction plugin="workflow-api@1291.v51fd2a_625da_7">
          <startTime>1709321031302</startTime>
        </wf.a.TimingAction>
      </actions>
    </Tag>
  </entry>
  <entry>
    <string>19</string>
    <Tag plugin="workflow-support@865.v43e78cc44e0d">
      <node class="cps.n.StepAtomNode" plugin="workflow-cps@3880.vb_ef4b_5cfd270">
        <parentIds>
          <string>18</string>
        </parentIds>
        <id>19</id>
        <descriptorId>jenkins.plugins.git.GitStep</descriptorId>
      </node>
      <actions>
        <cps.a.ArgumentsActionImpl plugin="workflow-cps@3880.vb_ef4b_5cfd270">
          <arguments>
            <entry>
              <string>branch</string>
              <string>main</string>
            </entry>
            <entry>
              <string>url</string>
              <string>https://github.com/kutty27/AntProject.git</string>
            </entry>
          </arguments>
          <sensitiveVariables/>
          <isUnmodifiedBySanitization>true</isUnmodifiedBySanitization>
        </cps.a.ArgumentsActionImpl>
        <wf.a.TimingAction plugin="workflow-api@1291.v51fd2a_625da_7">
          <startTime>1709321031468</startTime>
        </wf.a.TimingAction>
        <s.a.LogStorageAction/>
      </actions>
    </Tag>
  </entry>
  <entry>
    <string>2</string>
    <Tag plugin="workflow-support@865.v43e78cc44e0d">
      <node class="org.jenkinsci.plugins.workflow.graph.FlowStartNode" plugin="workflow-api@1291.v51fd2a_625da_7">
        <parentIds/>
        <id>2</id>
      </node>
      <actions>
        <wf.a.TimingAction plugin="workflow-api@1291.v51fd2a_625da_7">
          <startTime>1709321028120</startTime>
        </wf.a.TimingAction>
      </actions>
    </Tag>
  </entry>
  <entry>
    <string>3</string>
    <Tag plugin="workflow-support@865.v43e78cc44e0d">
      <node class="cps.n.StepStartNode" plugin="workflow-cps@3880.vb_ef4b_5cfd270">
        <parentIds>
          <string>2</string>
        </parentIds>
        <id>3</id>
        <descriptorId>org.jenkinsci.plugins.workflow.support.steps.ExecutorStep</descriptorId>
      </node>
      <actions>
        <s.a.LogStorageAction/>
        <wf.a.TimingAction plugin="workflow-api@1291.v51fd2a_625da_7">
          <startTime>1709321028731</startTime>
        </wf.a.TimingAction>
        <org.jenkinsci.plugins.workflow.support.steps.ExecutorStepExecution_-QueueItemActionImpl plugin="workflow-durable-task-step@1331.vc8c2fed35334">
          <id>12</id>
        </org.jenkinsci.plugins.workflow.support.steps.ExecutorStepExecution_-QueueItemActionImpl>
        <s.a.WorkspaceActionImpl>
          <node></node>
          <path>C:\ProgramData\Jenkins\.jenkins\workspace\AntProject</path>
          <labels class="sorted-set"/>
        </s.a.WorkspaceActionImpl>
      </actions>
    </Tag>
  </entry>
  <entry>
    <string>4</string>
    <Tag plugin="workflow-support@865.v43e78cc44e0d">
      <node class="cps.n.StepStartNode" plugin="workflow-cps@3880.vb_ef4b_5cfd270">
        <parentIds>
          <string>3</string>
        </parentIds>
        <id>4</id>
        <descriptorId>org.jenkinsci.plugins.workflow.support.steps.ExecutorStep</descriptorId>
      </node>
      <actions>
        <wf.a.BodyInvocationAction plugin="workflow-api@1291.v51fd2a_625da_7"/>
        <wf.a.TimingAction plugin="workflow-api@1291.v51fd2a_625da_7">
          <startTime>1709321028903</startTime>
        </wf.a.TimingAction>
      </actions>
    </Tag>
  </entry>
  <entry>
    <string>5</string>
    <Tag plugin="workflow-support@865.v43e78cc44e0d">
      <node class="cps.n.StepStartNode" plugin="workflow-cps@3880.vb_ef4b_5cfd270">
        <parentIds>
          <string>4</string>
        </parentIds>
        <id>5</id>
        <descriptorId>org.jenkinsci.plugins.workflow.support.steps.StageStep</descriptorId>
      </node>
      <actions>
        <s.a.LogStorageAction/>
        <cps.a.ArgumentsActionImpl plugin="workflow-cps@3880.vb_ef4b_5cfd270">
          <arguments>
            <entry>
              <string>name</string>
              <string>Declarative: Tool Install</string>
            </entry>
          </arguments>
          <sensitiveVariables/>
          <isUnmodifiedBySanitization>true</isUnmodifiedBySanitization>
        </cps.a.ArgumentsActionImpl>
        <wf.a.TimingAction plugin="workflow-api@1291.v51fd2a_625da_7">
          <startTime>1709321029138</startTime>
        </wf.a.TimingAction>
      </actions>
    </Tag>
  </entry>
  <entry>
    <string>6</string>
    <Tag plugin="workflow-support@865.v43e78cc44e0d">
      <node class="cps.n.StepStartNode" plugin="workflow-cps@3880.vb_ef4b_5cfd270">
        <parentIds>
          <string>5</string>
        </parentIds>
        <id>6</id>
        <descriptorId>org.jenkinsci.plugins.workflow.support.steps.StageStep</descriptorId>
      </node>
      <actions>
        <wf.a.BodyInvocationAction plugin="workflow-api@1291.v51fd2a_625da_7"/>
        <wf.a.LabelAction plugin="workflow-api@1291.v51fd2a_625da_7">
          <displayName>Declarative: Tool Install</displayName>
        </wf.a.LabelAction>
        <wf.a.TimingAction plugin="workflow-api@1291.v51fd2a_625da_7">
          <startTime>1709321029170</startTime>
        </wf.a.TimingAction>
        <wf.a.TagsAction plugin="workflow-api@1291.v51fd2a_625da_7">
          <tags>
            <entry>
              <string>SYNTHETIC_STAGE</string>
              <string>PRE</string>
            </entry>
          </tags>
        </wf.a.TagsAction>
      </actions>
    </Tag>
  </entry>
  <entry>
    <string>7</string>
    <Tag plugin="workflow-support@865.v43e78cc44e0d">
      <node class="cps.n.StepAtomNode" plugin="workflow-cps@3880.vb_ef4b_5cfd270">
        <parentIds>
          <string>6</string>
        </parentIds>
        <id>7</id>
        <descriptorId>org.jenkinsci.plugins.workflow.steps.ToolStep</descriptorId>
      </node>
      <actions>
        <cps.a.ArgumentsActionImpl plugin="workflow-cps@3880.vb_ef4b_5cfd270">
          <arguments>
            <entry>
              <string>name</string>
              <string>Ant 1.10.14</string>
            </entry>
            <entry>
              <string>type</string>
              <string>hudson.tasks.Ant$AntInstallation</string>
            </entry>
          </arguments>
          <sensitiveVariables/>
          <isUnmodifiedBySanitization>true</isUnmodifiedBySanitization>
        </cps.a.ArgumentsActionImpl>
        <wf.a.TimingAction plugin="workflow-api@1291.v51fd2a_625da_7">
          <startTime>1709321029435</startTime>
        </wf.a.TimingAction>
        <s.a.LogStorageAction/>
      </actions>
    </Tag>
  </entry>
  <entry>
    <string>8</string>
    <Tag plugin="workflow-support@865.v43e78cc44e0d">
      <node class="cps.n.StepAtomNode" plugin="workflow-cps@3880.vb_ef4b_5cfd270">
        <parentIds>
          <string>7</string>
        </parentIds>
        <id>8</id>
        <descriptorId>org.jenkinsci.plugins.pipeline.modeldefinition.steps.EnvVarsForToolStep</descriptorId>
      </node>
      <actions>
        <cps.a.ArgumentsActionImpl plugin="workflow-cps@3880.vb_ef4b_5cfd270">
          <arguments>
            <entry>
              <string>toolId</string>
              <string>hudson.tasks.Ant$AntInstallation</string>
            </entry>
            <entry>
              <string>toolVersion</string>
              <string>Ant 1.10.14</string>
            </entry>
          </arguments>
          <sensitiveVariables/>
          <isUnmodifiedBySanitization>true</isUnmodifiedBySanitization>
        </cps.a.ArgumentsActionImpl>
        <wf.a.TimingAction plugin="workflow-api@1291.v51fd2a_625da_7">
          <startTime>1709321029700</startTime>
        </wf.a.TimingAction>
        <s.a.LogStorageAction/>
      </actions>
    </Tag>
  </entry>
  <entry>
    <string>9</string>
    <Tag plugin="workflow-support@865.v43e78cc44e0d">
      <node class="cps.n.StepEndNode" plugin="workflow-cps@3880.vb_ef4b_5cfd270">
        <parentIds>
          <string>8</string>
        </parentIds>
        <id>9</id>
        <startId>6</startId>
      </node>
      <actions>
        <wf.a.BodyInvocationAction plugin="workflow-api@1291.v51fd2a_625da_7"/>
        <wf.a.TimingAction plugin="workflow-api@1291.v51fd2a_625da_7">
          <startTime>1709321029872</startTime>
        </wf.a.TimingAction>
      </actions>
    </Tag>
  </entry>
  <entry>
    <string>20</string>
    <Tag plugin="workflow-support@865.v43e78cc44e0d">
      <node class="cps.n.StepAtomNode" plugin="workflow-cps@3880.vb_ef4b_5cfd270">
        <parentIds>
          <string>19</string>
        </parentIds>
        <id>20</id>
        <descriptorId>org.jenkinsci.plugins.workflow.steps.durable_task.BatchScriptStep</descriptorId>
      </node>
      <actions>
        <cps.a.ArgumentsActionImpl plugin="workflow-cps@3880.vb_ef4b_5cfd270">
          <arguments>
            <entry>
              <string>script</string>
              <string>ant compile</string>
            </entry>
          </arguments>
          <sensitiveVariables/>
          <isUnmodifiedBySanitization>true</isUnmodifiedBySanitization>
        </cps.a.ArgumentsActionImpl>
        <wf.a.TimingAction plugin="workflow-api@1291.v51fd2a_625da_7">
          <startTime>1709321037036</startTime>
        </wf.a.TimingAction>
        <s.a.LogStorageAction/>
      </actions>
    </Tag>
  </entry>
  <entry>
    <string>21</string>
    <Tag plugin="workflow-support@865.v43e78cc44e0d">
      <node class="cps.n.StepAtomNode" plugin="workflow-cps@3880.vb_ef4b_5cfd270">
        <parentIds>
          <string>20</string>
        </parentIds>
        <id>21</id>
        <descriptorId>org.jenkinsci.plugins.workflow.steps.EchoStep</descriptorId>
      </node>
      <actions>
        <cps.a.ArgumentsActionImpl plugin="workflow-cps@3880.vb_ef4b_5cfd270">
          <arguments>
            <entry>
              <string>message</string>
              <string>Ant project compiled successfully</string>
            </entry>
          </arguments>
          <sensitiveVariables/>
          <isUnmodifiedBySanitization>true</isUnmodifiedBySanitization>
        </cps.a.ArgumentsActionImpl>
        <wf.a.TimingAction plugin="workflow-api@1291.v51fd2a_625da_7">
          <startTime>1709321038950</startTime>
        </wf.a.TimingAction>
        <s.a.LogStorageAction/>
      </actions>
    </Tag>
  </entry>
</map>